{"nodes":null,"selection":null,"view":{"scroll":{"x":-4.46710205078125,"y":1.9999847412109375},"visible_rect":{"max":{"x":1699.532958984375,"y":346.5},"min":{"x":-4.46710205078125,"y":1.9999847412109375}},"zoom":1}}