{"nodes":{"node:1":{"location":{"x":782,"y":39}},"node:12":{"location":{"x":258,"y":-17}},"node:16":{"location":{"x":43,"y":-78}},"node:18":{"location":{"x":475,"y":195}},"node:6":{"location":{"x":39,"y":51}},"node:9":{"location":{"x":279,"y":115}}},"selection":["node:18"],"view":{"scroll":{"x":123.749984741210938,"y":-10.1250219345092773},"visible_rect":{"max":{"x":1462.2000732421875,"y":218.699996948242188},"min":{"x":99,"y":-8.10001850128173828}},"zoom":1.24999988079071045}}