{"nodes":{"node:1":{"location":{"x":770,"y":58}},"node:6":{"location":{"x":71,"y":22}},"node:9":{"location":{"x":286,"y":134}}},"selection":null,"view":{"scroll":{"x":-68.5000076293945312,"y":-39.6250076293945312},"visible_rect":{"max":{"x":2180.666748046875,"y":434.5},"min":{"x":-91.333343505859375,"y":-52.833343505859375}},"zoom":0.75}}