{"nodes":{"node:1":{"location":{"x":1042,"y":91}},"node:11":{"location":{"x":398,"y":147}},"node:14":{"location":{"x":622,"y":179}},"node:17":{"location":{"x":123,"y":179}},"node:6":{"location":{"x":171,"y":35}},"node:8":{"location":{"x":414,"y":19}}},"selection":null,"view":{"scroll":{"x":-111.599998474121094,"y":0.06671905517578125},"visible_rect":{"max":{"x":1592.4000244140625,"y":368.56671142578125},"min":{"x":-111.599998474121094,"y":0.06671905517578125}},"zoom":1}}