{"nodes":{"node:1":{"location":{"x":430,"y":92}}},"selection":null,"view":{"scroll":{"x":-7.6669163703918457,"y":23.6301078796386719},"zoom":1.25}}